ITEM,FECHA,EVENTO,MUNICIPIO,Familias Damnificadas/ Afectadas,Viviendas Destruidas,Viviendas Averiadas,Acueducto destruidos,Vias Destruidas,Puentes Obstruidos,Establecimientos  Educativos,Afectacion Cultivos Has,Alertas,Albergues,Desaparecidos,Fallecidos,OBSERVACIONES
1,01/02/2023 12:00:00 AM,MOVIMIENTO EN MASA,LEBRIJA,0,0,0,0,1,0,0,0,N/A,N/A,0,0,"El administrados vial Ruta del cacao reporta deslizamientos en el sector de Brisas en el PR 44 + 700 causando cierre total de la vía entre Bucaramanga y Barrancabermeja, lo anterior a causa de las fuertes lluvias, durante 3 horas se trabajó con maquinaria amarilla y se rehabilitó el paso."
2,01/02/2023 12:00:00 AM,MOVIMIENTO EN MASA,FLORIDABLANCA,0,0,0,0,1,0,0,0,N/A,N/A,0,0,"El administrador vial Autovia Bucaramanga – Pamplona, reporta deslizamientos en el sector la Corcova, en el PR 23, gracias al apoyo de bomberos de Floridablanca, PONALSAR y el ejercito, se logró el rescate con vida de dos trabajadores que habían quedado atrapados en los escombros"
3,01/25/2023 12:00:00 AM,HELADAS,TONA,0,0,0,0,0,0,0,25,N/A,N/A,0,0,El CMGRD reporta bajas temperaturas en el corregimiento de Berlín con presencia de heladas que afecta cultivos de papa y cebolla junca. Se adelantan los EDAN.
4,01/25/2023 12:00:00 AM,HELADAS,CERRITO,0,0,0,0,0,0,0,20,N/A,N/A,0,0,"El CMGRD reporta bajas temperaturas en las veredas Boyagá y el Mortiño con presencia de heladas que afecta cultivos de papa, ajo y hortalizas. Se adelantan los EDAN."
5,01/28/2023 12:00:00 AM,INCENDIO FORESTAL,EL PLAYON,0,0,0,0,0,0,0,10,N/A,N/A,0,0,"El CMGRD reporta la atención de un incendio forestal en la vereda Cachiricito bajo, atendido por la defensa civil y la comunidad, afectación de 10 hectáreas de bosque nativo, causas desconocidas, estado liquidado."
6,01/28/2023 12:00:00 AM,INCENDIO FORESTAL,CURITI,0,0,0,0,0,0,0,5,N/A,N/A,0,0,"El CMGRD reporta la atención de un incendio forestal en la vereda la Mesa, atendido por la defensa civil y la comunidad, afectación de 05 hectáreas de pastizales y bosque nativo, causas desconocidas, estado liquidado."
7,01/29/2023 12:00:00 AM,INCENDIO FORESTAL,GUEPSA,0,0,0,0,0,0,0,2,N/A,N/A,0,0,"El CMGRD reporta la atención de un incendio forestal en la finca San Antonio vereda Isidro, atendido por  la comunidad y apoyo del cuerpo de bomberos de Vélez, afectación de 2 hectáreas de cultivo de caña de azúcar, causas desconocidas, estado liquidado"
8,01/31/2023 12:00:00 AM,INCENDIO FORESTAL,CERRITO,0,0,0,0,0,0,0,10,N/A,N/A,0,0,"El comandante de bomberos reporta la atención de un incendio forestal en la vereda Boyagá sector la Paja, se realizan labores de control apoyados por la defensa civil y la comunidad. Afectación de 10 hectáreas de vegetación nativa de páramo. Estado liquidado"
9,01/31/2023 12:00:00 AM,INCENDIO FORESTAL,CONTRATACION,0,0,0,0,0,0,0,2,N/A,N/A,0,0,"El CMGRD reporta la atención y control de un incendio forestal en la vereda el Tigre, atendido por la policía nacional y el CMGRD afectación de 2 hectáreas de pastizales y vegetación nativa. Estado liquidado."
10,02/01/2023 12:00:00 AM,INCENDIO FORESTAL,CURITI,0,0,0,0,0,0,0,6,N/A,N/A,0,0,"El CMGRD reporta la atención y control de un incendio forestal en el sector Las Juntas atendido por el cuerpo de bomberos voluntarios de Curití, apoyados por bomberos de San Gil, Valle de San José y el Páramo afectación de 6 hectáreas de pastizales y cultivo de maíz, estado LIQUIDADO"
11,02/01/2023 12:00:00 AM,INCENDIO FORESTAL,CARCASI,0,0,0,0,0,0,0,40,N/A,N/A,0,0,"El CMGRD reporta la atención y control de un incendio forestal en límites con el municipio de Chiscas (Boyacá) atendido por el cuerpo de bomberos voluntarios de Carcasí, apoyados por la comunidad de los dos municipios afectación de 40 hectáreas de pastizales y vegetación nativa de páramos, estado LIQUIDADO."
12,02/01/2023 12:00:00 AM,INCENDIO FORESTAL,CIMITARRA,0,0,0,0,0,0,0,2,N/A,N/A,0,0,"El CMGRD reporta la atención y control de un incendio forestal en el sector del cruce hacia la ruta el Sol atendido por el cuerpo de bomberos voluntarios de Cimitarra, afectación de 2 hectáreas de pastizales, estado LIQUIDADO"
13,02/02/2023 12:00:00 AM,INCENDIO FORESTAL,GAMBITA,0,0,0,0,0,0,0,6,N/A,N/A,0,0,"El CMGRD reporta la atención de un incendio forestal en la vereda Guausa, se realizan labores de control por la policía nacional, defensa civil y comunidad, causas posible quema controlada, se aplica el comparendo ambiental, afectación de 6 hectáreas de bosque nativo y pastizales."
14,02/04/2023 12:00:00 AM,INCENDIO FORESTAL,LOS SANTOS,0,0,0,0,0,0,0,5,N/A,N/A,0,0,"El cuerpo de Bomberos de los Santos reporta la atención de un incendio forestal en la vereda San Rafael sector mirador de Panachi, se realizan labores de control a la hora se encuentra en seguimiento y monitoreo."
15,02/06/2023 12:00:00 AM,INCENDIO FORESTAL,FLORIDABLANCA,0,0,0,0,0,0,0,4,N/A,N/A,0,0,"El cuerpo de Bomberos de Floridablanca reporta la atención de un incendio forestal en el sector Ruitoque Alto, afectación de 4 hectáreas de helechos y vegetación nativa, estado liquidado."
16,02/06/2023 12:00:00 AM,GRANIZADA,BOLIVAR,4,0,4,0,0,0,0,0,N/A,N/A,0,0,"El CMGRD reporta fuertes lluvias y presencia de granizo en la vereda la Amistad, afectando cultivos de mora, papa y cebolla, se adelantan los EDAN"
17,02/06/2023 12:00:00 AM,GRANIZADA,ONZAGA,2,0,2,0,0,0,0,0,N/A,N/A,0,0,"El CMGRD reporta fuertes lluvias y presencia de granizo en la vereda Tombita afectación de pastizales, cultivos de papa y hortalizas, se adelantan los EDAN."
18,02/08/2023 12:00:00 AM,INCENDIO FORESTAL,CONCEPCION,0,0,0,0,0,0,0,6,N/A,N/A,0,0,"el comandante de bomberos reporta la atención de un incendio forestal en la vereda Bomboná sector el Término, afecuación de 6 hectáreas de vegetación y bosque nativo, estado liquidado, causas desconocidas"
19,02/08/2023 12:00:00 AM,INCENDIO FORESTAL,GUADALUPE,0,0,0,0,0,0,0,6,N/A,N/A,0,0,"el CMGRD reporta la atención de un incendio forestal en el  sector cerro San ramón, afectación de 6 hectáreas de vegetación y bosque nativo, atendido por la defensa civil y la comunidad, estado liquidado, causas desconocidas"
20,02/08/2023 12:00:00 AM,GRANIZADA,CHARALA,0,0,0,0,0,0,0,0,N/A,N/A,0,0,"El comandante de bomberos reporta fuertes lluvias y granizada en la via hacia el municipio de San Gil que afecta cultivos de café, cítricos y maíz, se adelantan los EDAN."
21,02/09/2023 12:00:00 AM,INCENDIO FORESTAL,GIRON,0,0,0,0,0,0,0,70,N/A,N/A,0,0,"el CMGRD reporta incendio forestal en la vereda Chocoa, atendido por el cuerpo de bomberos de Floridablanca, apoyo de bomberos e Piedecuesta, Zapatoca y los Santos, pelotón antidesastres del ejército, PONALSAR y la comunidad, causas desconocidas, el incendio inició el jueves 09-02-2023 y fue liquidado el sábado 11-02-2023, afectación 70 hectáreas de vegetación nativa y helechos"
22,02/10/2023 12:00:00 AM,INCENDIO FORESTAL,MOGOTES,0,0,0,0,0,0,0,30,N/A,N/A,0,0,"El CMGRD reporta la atención de un incendio forestal en  la vereda Arrayanes, atendido por el cuerpo de bomberos, la policía nacional y la comunidad, estado liquidado, afectación de 30 hectáreas de bosque nativo, causas indeterminadas."
23,02/13/2023 12:00:00 AM,INCENDIO FORESTAL,SABANA DE TORRES,0,0,0,0,0,0,0,1,N/A,N/A,0,0,"El comandante de bomberos reporta incendio forestal en la vereda provincia, atendido por el cuerpo de bomberos apoyado por la policía nacional y comunidad, 1 hectárea de pastizales afectada, causas desconocidas, estado liquidado."
24,02/15/2023 12:00:00 AM,SISMO,LOS SANTOS,0,0,0,0,0,0,0,0,N/A,N/A,0,0,"El CMGRD reporta que ante el sismo de 5.2° localizada a 9 kilómetros del municipio de los Santos no se presentaron personas lesionadas, tampoco daños a la infraestructura."
25,02/18/2023 12:00:00 AM,INCENDIO FORESTAL,BARRANCABERMEJA,0,0,0,0,0,0,0,3,N/A,N/A,0,0,"El comandante de bomberos reporta atención de incendio forestal en el cementerio la Resurrección, afectando unas 3 hectáreas de pastizales, causas en investigación (posibles ritos satánicos)"
26,02/20/2023 12:00:00 AM,CRECIENTE SUBITA,ONZAGA,0,0,0,0,1,0,0,0,N/A,N/A,0,0,"El comandante de bomberos reporta atención de incendio forestal en el cementerio la Resurrección, afectando unas 3 hectáreas de pastizales, causas en investigación (posibles ritos satánicos)"
27,02/20/2023 12:00:00 AM,INCENDIO FORESTAL,RIONEGRO,0,0,0,0,0,0,0,5,N/A,N/A,0,0,"EL CMGRD reporta la atención de un incendio forestal en el bajo Rionegro sector Musanda, afectando 5 hectáreas de cultivo de palma de aceite y pastizales, atendido por bomberos de Rionegro y la comunidad"
28,02/21/2023 12:00:00 AM,GRANIZADA,CHARTA,0,0,0,0,0,0,0,0,N/A,N/A,0,0,"El CMGRD reporta fuertes lluvias y presencia de granizo en varios sectores rurales, afectación de techos y cubiertas y cultivos de mora y hortalizas. Se realizan los EDAN"
29,02/21/2023 12:00:00 AM,TORMENTAS ELECTRICAS,GIRON,0,0,0,0,0,0,0,0,N/A,N/A,0,0,"El CMGRD reporta fuertes lluvias y tormentas que causó colapso del alcantarillado en la vía hacia el anillo vial, afectaciones en cultivos de limón y cítricos. Se realizan los EDAN"
30,02/24/2023 12:00:00 AM,INCENDIO FORESTAL,EL GUACAMAYO,0,0,0,0,0,0,0,15,N/A,N/A,0,0,"El CMGRD reporta la atención de un incendio forestal en el cerro Picacho del Zorro, atendido por bomberos de Contratación, policía nacional y el ejército que afectó 15 hectáreas de vegetación nativa , estado liquidado"
31,02/25/2023 12:00:00 AM,INCENDIO FORESTAL,PUERTO WILCHES,0,0,0,0,0,0,0,10,N/A,N/A,0,0,"El CMGRD reporta la atención de un incendio forestal la salida del casco urbano , hacia Bucaramanga atendido por bomberos de Puerto Wilches que afectó 10 hectáreas de vegetación nativa , estado liquidado"
32,02/25/2023 12:00:00 AM,INCENDIO FORESTAL,BARRANCABERMEJA,0,0,0,0,0,0,0,6,N/A,N/A,0,0,"El CMGRD reporta la atención de un incendio forestal en la vereda Campo Gala, atendido por bomberos de Barrancabermeja que afectó 6 hectáreas de  pastizales y rastrojos , estado liquidado"
33,02/26/2023 12:00:00 AM,INCENDIO FORESTAL,BETULIA,0,0,0,0,0,0,0,3,N/A,N/A,0,0,"El comandante de bomberos reporta la atención de un incendio forestal en la vereda San Rafael que afectó 3 hectáreas de pino y pastizales, atendido por bomberos de Betulia, estado liquidado"
34,02/26/2023 12:00:00 AM,INCENDIO FORESTAL,EL PLAYON,0,0,0,0,0,0,0,5,N/A,N/A,0,0,"El CMGRD reporta la atención de un incendio forestal en la vereda Quinales que afectó 05 hectáreas vegetación nativa y pastizales, atendido por la defensa civil, estado liquidado"
35,02/27/2023 12:00:00 AM,TORMENTAS ELECTRICAS,FLORIDABLANCA,0,0,0,0,0,0,0,0,N/A,N/A,0,0,"El CMGRD reporta fuertes lluvias y tormentas eléctricas en el casco urbano y sectores vía a Acapulco, afectaciones en techos y cubiertas, cortes de energía eléctrica por la caída de árboles, se adelantan los EDAN."
36,03/10/2023 12:00:00 AM,SISMO,LOS SANTOS,0,0,35,0,0,0,2,0,N/A,N/A,0,0,"El viernes 10 de marzo del 2023 a las 4:18 minutos,  El Servicio geológico colombiano nos confirmó un sismo de  5.9° Richter, localizado a  11 km del municipio de los Santos con una profundidad de 151 km. El cual fue sentido en 22 departamentos y en los países de Venezuela y Panamá, REPORTAN AFECTACIONES EN 5 VIVIENDAS DE San Gil, 5 en el municipio de Charta, 20 en Matanza, 2 edificios en Floridablanca, un colegio en Vetas y una escuela en Lebrija, continúan los EDAN"
37,03/10/2023 12:00:00 AM,MOVIMIENTO EN MASA,RIONEGRO,0,0,0,0,1,0,0,0,N/A,N/A,0,0,"El CMGRD reporta deslizamientos y perdida de la banca en la vía que comunica al corregimiento Santa Cruz de la Colina con el municipio de Rionegro, se coordina envío de maquinaria para la rehabilitación del paso vehicular."
38,03/13/2023 12:00:00 AM,MOVIMIENTO EN MASA,TONA,0,0,0,0,1,0,0,0,N/A,N/A,0,0,"El CMGRD reporta deslizamientos en la vía que conduce del km 16 al municipio en el sector Arbol Solo km 5, la vía hacia Bucaramanga se mantiene cerrada, se coordina traslado de maquinaria para rehabilitar el paso."
39,03/14/2023 12:00:00 AM,CRECIENTE SUBITA,ONZAGA,0,0,0,0,1,0,0,0,N/A,N/A,0,0,"El CMGRD reporta creciente súbita del rio Susa, causa debilitamiento en el puente sector Campo Bello, se mantiene monitoreo permanente. Además se presentaron deslizamientos en el sector la Ladrillera que afecta la vía Onzaga – San Joaquín, se coordina traslado de maquinaria para rehabilitar el paso"
40,03/15/2023 12:00:00 AM,INUNDACIONES,SIMACOTA,30,0,30,0,1,0,0,0,N/A,N/A,0,0,"El CMGRD reporta creciente súbita del rio Opón en sectores de las veredas el Opón y la Rochela, afectación en viviendas, establecimientos comerciales, cultivos de yuca, plátano y cítricos. Afectación en la vía nacional troncal del Magdalena por el desbordamiento a la altura del puente el Opón. Se realizan los EDAN por funcionarios del CMGRD"
41,03/16/2023 12:00:00 AM,INUNDACIONES,RIONEGRO,20,0,0,0,0,0,0,0,N/A,N/A,0,0,"El CMGRD reporta el desbordamiento del rio Cachira en el sector el Taladro causando inundación en gran cantidad de hectáreas de cultivos de palma de aceite, pastos para ganadería y afectación en viviendas, se coordina el desplazamiento de personal del CMGRD  para realizar la Evaluación de Daños y Análisis de Necesidades EDAN."
42,03/16/2023 12:00:00 AM,INUNDACIONES,SABANA DE TORRES,25,0,5,0,0,0,0,0,N/A,N/A,0,0,"El CMGRD reporta el desbordamiento del rio Lebrija en el sector el Bocas de la Tigra causando inundación en gran cantidad de hectáreas de cultivos de palma de aceite, pastos para ganadería y afectación en viviendas, se coordina el desplazamiento de personal del CMGRD  para realizar la Evaluación de Daños y Análisis de Necesidades EDAN."
43,03/17/2023 12:00:00 AM,MOVIMIENTO EN MASA,FLORIDABLANCA,3,0,3,0,1,0,0,0,N/A,N/A,0,0,"El CMGRD reporta deslizamientos y creciente súbita Quebrada la Judía 03 viviendas afectadas y cierre de la vía entre el Santísimo y la Judía, atiende el CMGRD bomberos de Floridablanca y la comunidad"
44,03/17/2023 12:00:00 AM,MOVIMIENTO EN MASA,BUCARAMANGA,50,8,35,0,1,0,0,0,N/A,N/A,0,0,"El CMGRD. movimiento en masa y activación de falla geológico, que genera hundimiento de la vía y grietas en varias viviendas 20 viviendas evacuadas hacia el salón comunal, Las lluvias del lunes 21 en horas de la noche, causó la evacuación de dos viviendas más en el sector Zarabanda al norte de la ciudad"
45,03/21/2023 12:00:00 AM,INUNDACIONES,RIONEGRO,100,0,15,0,0,0,0,0,N/A,N/A,0,0,"EL CMGRD reporta creciente súbita del rio Lebrija que causa desbordamiento en el bajo Rionegro, sectores de Papaya, el Taladro, la Platanala, San Rafael y los Chorros. Se adelantan vivitas técnicas para coordinar la respuesta a las emergencias y caracterizar las familias afectadas."
46,03/27/2023 12:00:00 AM,GRANIZADA,CHARALA,10,0,0,0,0,0,0,10,N/A,N/A,0,0,"El CMGRD reporta Granizadas durante dos días seguidos en Charalá, afectación en cultivos de café, cítricos y pastizales, se adelanta la evaluación de daños y análisis de necesidades EDAN"
47,04/03/2023 12:00:00 AM,MOVIMIENTO EN MASA,ONZAGA,0,0,0,0,1,0,0,0,N/A,N/A,0,0,"El CMGRD reportó creciente súbita de la quebrada Santa Clara, causando cierre de la vía nacional entre San Joaquin y Onzaga por la cantidad de material de arrastre de un fenómeno de remoción en masa que se encuentra en el sector, atendió INVIAS con maquinaria amarilla, PASO RESTRINGIDO"
48,04/03/2023 12:00:00 AM,MOVIMIENTO EN MASA,SIMACOTA,0,0,0,0,1,0,0,0,N/A,N/A,0,0,"El CMGRD reportó cierre de la vía terciaria  hacia la vereda el Salto por deslizamientos causados por las fuertes lluvias en la zona, se rehabilitó el paso con maquinaria amarilla de la alcaldía municipal."
49,04/04/2023 12:00:00 AM,INCENDIO FORESTAL,CERRITO,0,0,0,0,0,0,0,2,N/A,N/A,0,0,"El comandante de bomberos reporta la atención y liquidación de un incendio forestal en la vereda Siberia que amenazaba con expandirse hacia el páramo del Almorzadero, afectación de 2 hectáreas de vegetación nativa de paramos (frailejones y Romeros)"
50,04/05/2023 12:00:00 AM,INCENDIO ESTRUCTURAL,FLORIDABLANCA,1,0,1,0,0,0,0,0,N/A,N/A,0,0,"El comandante de bomberos reporta la atención y liquidación de un incendio forestal en la vereda Siberia que amenazaba con expandirse hacia el páramo del Almorzadero, afectación de 2 hectáreas de vegetación nativa de paramos (frailejones y Romeros)"
51,04/09/2023 12:00:00 AM,GRANIZADA,OCAMONTE,6,0,0,0,0,0,0,0,N/A,N/A,0,0,"El CMGRD reporta fuertes lluvias y presencia de granizo en las veredas el Hatillo y Agua Fría, se presentó caía de árboles en las vías terciarias hacia las veredas, afectación en cultivos de plátano, café y caña de azúcar, se adelanta la Evaluación de Daños y Análisis de Necesidades"
52,04/11/2023 12:00:00 AM,AVENIDA TORRENCIAL,MALAGA,8,0,0,1,3,3,0,0,N/A,N/A,0,0,"El CMGRD reporta fuertes lluvias que generó avenida torrencial en la quebrada en Término en la vereda Calichal, afectación de un puente vehicular en la vía nacional Troncal del Norte en el PR 43, dos puentes en vías terciarias en las veredas Pantano Grande y Aguas Calientes, evacuación de 8 familias y perdida de cultivos, se adelantan los EDAN"
53,04/11/2023 12:00:00 AM,AVENIDA TORRENCIAL,SAN ANDRES,4,0,0,0,2,2,0,0,N/A,N/A,0,0,"El CMGRD reporta fuertes lluvias que generó avenida torrencial del río Congreso en el corregimiento de Pangote, éste causó el colapso de un puente vehicular que une a San Andrés con el corregimiento Laguna de Ortices y vereda el Caracol y un puente peatonal que une a las Veredas Pangua y Santa Cruz, mas de 2000 personas incomunicadas y 2 familias afectadas, se adelantan los EDAN."
54,04/15/2023 12:00:00 AM,TORMENTAS ELECTRICAS,PIEDECUESTA,3,0,3,0,2,0,0,0,N/A,N/A,0,0,"El Alcalde municipal reporta diferentes afectaciones en su jurisdicción por las tormentas, cierre de la vía hacia el municipio de la Mesa de los Santos por varios deslizamientos en el sector Tres Esquinas, de la misma manera hacia las veredas el Mancito, la Navarra, el Recreo, el Jazmín, se coordina la remoción de escombros con el apoyo de maquinaria del consorcio vial y el ejército, de la misma manera una vivienda afectada por la caía de un árbol, se coordinan ayudas con el CMGRD  y organismos de socorro"
55,04/15/2023 12:00:00 AM,MOVIMIENTO EN MASA,EL CARMEN DE CHUCURI,0,0,0,0,2,0,0,0,N/A,N/A,0,0,"El CMGRD reporta fuertes lluvias que causaron deslizamientos y cierres de la vía hacia el municipio de San Vicente por desbordamiento de la quebrada el Consuelo  y hacia el  corregimiento de Yarima por deslizamientos y hacia de rocas, se coordina maquinaria amarilla del municipio para rehabilitar el paso"
56,04/16/2023 12:00:00 AM,CAIDA DE ROCAS,CEPITA,0,0,0,0,1,0,0,0,N/A,N/A,0,0,El CMGRD reporta fuertes lluvias que causaron deslizamientos y cierres de la vía principal hacia Bucaramanga en el KM 9. Se coordina desplazar maquinaria del municipio para rehabilitar la vía
57,04/16/2023 12:00:00 AM,MOVIMIENTO EN MASA,ENCINO,0,0,0,0,1,0,0,0,N/A,N/A,0,0,"El CMGRD reporta fuertes lluvias que causaron deslizamientos y pérdida de bancada en el sector el Chamizal vereda Avendaño que causa  cierres de la vía hacia el municipio de Duitama en el departamento de Boyacá, maquinaria del municipio trabaja en la remoción de los escombros."
58,04/18/2023 12:00:00 AM,MOVIMIENTO EN MASA,GAMBITA,0,0,0,0,1,0,0,0,N/A,N/A,0,0,"El CMGRD reporta cierre de la vía que comunica al municipio de Gambita con el departamento de Boyacá por deslizamientos a causa de las lluvias, se coordina envío de maquinaria amarilla para rehabilitar el paso."
59,04/18/2023 12:00:00 AM,VENDAVAL,AGUADA,8,0,8,0,0,0,0,0,N/A,N/A,0,0,"El CMGRD reporta fuertes lluvias con vientos ligeros que causan afectación en cubiertas y techos de varias viviendas en las veredas San Antonio y San Alberto, se realizan los EDAN,"
60,04/18/2023 12:00:00 AM,INUNDACIONES,MALAGA,4,0,4,0,0,0,0,0,N/A,N/A,0,0,"El CMGRD reporta fuertes lluvias y el colapso de alcantarillados por saturación causan inundaciones en tres viviendas del barrio la Universidad, se adelantan los EDAN"
61,04/19/2023 12:00:00 AM,CRECIENTE SUBITA,CHARTA,10,0,5,0,3,1,0,0,N/A,N/A,0,0,"El CMGRD reporta creciente súbita rio Charta y sus aportantes quebradas Montechiquito, La Batea, La Cristalina, La Rinconada, cierre total hacia Bucaramanga por perdida de la banca en 7 puntos en el sector Lagunillas, 1 puente afectado, El municipio de Charta se encuentra incomunicado con Bucaramanga ya que la vía alterna presenta deslizamientos, se coordina enviar maquinaria amarilla para retirar los escombros."
62,04/22/2023 12:00:00 AM,CRECIENTE SUBITA,CIMITARRA,0,0,0,0,1,0,0,0,N/A,N/A,0,0,"El CMGRD reporta creciente de la quebrada el Guayabo en el PR 16 que causa afectación a la vía nacional troncal del Carare, un vehículo quedó atrapado de medio de las aguas, se coordina maquinaria con el INVIAS para retirar los escombros."
63,04/25/2023 12:00:00 AM,MOVIMIENTO EN MASA,VETAS,8,0,4,0,1,2,0,0,N/A,N/A,0,0,"El CMGRD reporta fuertes lluvias en el páramo de Santurban que causaron creciente de la quebrada Moncora, 8 familias afectadas por el desbordamiento y cultivos de papa afectados, dos puentes peatonales destruidos, se realiza la Evaluación de Daños y Análisis de Necesidades."
64,04/29/2023 12:00:00 AM,AVENIDA TORRENCIAL,PIEDECUESTA,100,0,50,1,1,2,1,0,N/A,N/A,0,0,"El CMGRD reporta creciente súbita y desbordamiento de la quebrada el Manzano en el corregimiento Sevilla, causa inundaciones en 100 viviendas afectadas por lodos en muebles y enceres, dos puentes afectados, un colegio y la vía hacia Piedecuesta."
65,05/02/2023 12:00:00 AM,MOVIMIENTO EN MASA,MATANZA,0,0,0,0,1,0,0,0,N/A,N/A,0,0,"El CMGRD reporta a causa de las lluvias se presenta movimiento en masa en el sector el Paujil que afecta la vía hacia las veredas Santa Cruz y el Paujil, se coordina envío de maquinaria amarilla para recuperar el paso"
66,05/07/2023 12:00:00 AM,INCENDIO FORESTAL,MOGOTES,0,0,0,0,0,0,0,5,N/A,N/A,0,0,"El Comandante de bomberos de Mogotes reporta la atención de un incendio forestal en la vereda las Flores, afectación de 5 hectáreas de bosque nativo y pastizales, se coordinó la respuesta con la comunidad y el CMGRD"
67,05/13/2023 12:00:00 AM,MOVIMIENTO EN MASA,EL CARMEN DE CHUCURI,3,1,2,1,3,0,1,0,N/A,N/A,0,0,"El CMGRD reporta fuertes lluvias y creciente de las quebradas Los Venados, el Engaño y el Consuelo afectación: tres vías afectadas: via el 40, la Hojarasca y la Bodega, tres viviendas, un acueducto, una escuela también presentan afectaciones. Se coordina maquinaria amarilla del municipio para rehabilitar el paso en las zonas críticas."
68,05/16/2023 12:00:00 AM,CAIDA DE ROCAS,ZAPATOCA,0,0,0,0,0,0,0,0,N/A,N/A,0,1,"El CMGRD reporta un fallecido por caída de rocas mediaciones del puente Gómez Ortiz límites con Girón, vereda Chocoa, vía Zapatoca-Girón NOMBRE: Wilson Rueda Quintero CONCEJAL de Zapatoca  el cual nos relata que se dirigían de Girón para Zapatoca en el vehículo DAEWO de placas CSE-602 color vinotinto y  llegando al puente del río Sogamoso una piedra ingresa por la ventana derecha del copiloto generándole una contusión en el costado derecho del tórax a su padre. Fue trasladado al hospital Gestionar Bienestar Zapatoca, donde ingresa si signos vitales."
69,05/17/2023 12:00:00 AM,INUNDACIONES,CIMITARRA,30,2,28,0,1,0,1,0,N/A,N/A,0,0,"El CMGRD reporta  inundaciones por desbordamiento río San Juan en la vereda San Juan, 30 familias caracterizadas como damnificadas, se adelanta la Evaluación de Daños y Análisis de Necesidades."
70,05/18/2023 12:00:00 AM,AVENIDA TORRENCIAL,SAN JOAQUIN,50,2,20,1,4,12,1,0,N/A,N/A,0,0,"El CMGRD reporta avenida torrencial quebradas panamá y la leona, sector: casco urbano de san Joaquín y veredas san Ignacio, santa bárbara, santa clara, san isidro, las fuertes lluvias de la tarde y noche del día jueves 18-05-2023, generaron creciente repentina de las quebradas de alta pendiente, la policía nacional junto a la defensa civil y el cmgrd generaron alerta en el casco urbano y se evacuaron de manera preventiva cerca de 200 familias de las partes bajas de la población, se realiza la evaluación de daños y análisis de necesidades"
71,05/20/2023 12:00:00 AM,INUNDACIONES,VELEZ,15,0,15,0,1,0,0,0,N/A,N/A,0,0,"El CMGRD reporta  fuertes lluvias, desbordamiento de las Quebrada las Flores y el Palenque, una vivienda evacuada, 15 viviendas afectadas por los lodos que ingresaron en los barrios pablo Sexto y Aquileo parra, atención del CMGRD con maquinaria amarilla para limpiar las cañadas que causaron la afectación y se realizan los EDAN"
72,05/20/2023 12:00:00 AM,CRECIENTE SUBITA,MOGOTES,6,0,6,0,0,0,0,0,N/A,N/A,0,0,"EL CMGRD reporta creciente súbita del rio Blanco y río Negro afluentes del rio Guaure, éste se desbordó a la altura de la vereda Guaure, afectación en 6 viviendas, perdida de cultivos de café, plátano y pastizales, se adelantan los EDAN"
73,05/22/2023 12:00:00 AM,AVENIDA TORRENCIAL,MALAGA,0,0,0,0,1,1,0,0,N/A,N/A,0,0,"EL ALCALDE DE Málaga reporta nuevamente creciente repentina de la quebrada del Término que causa daños en el terraplén que se construyó en el sector el termino el pasado mes de abril donde colapsó el puente sobre la vía nacional, se coordina maquinaria amarilla con el operador vias del INVIAS para recuperar el paso, un vehiculo que transitaba por el sector se fue el abismo, no hay personas lesionadas"
74,05/23/2023 12:00:00 AM,AVENIDA TORRENCIAL,SAN ANDRES,0,0,0,0,1,1,0,0,N/A,N/A,0,0,"EL CMGRD fuertes lluvias que generaron avenida torrencial del rio Congreso que causa daños en puentes peatonalesen la via hacia la vereda en caracol y corregimiento laguna de Orticesy perdida de cultivos, se adelanta la evaluación de daños y análisis de necesidades"
75,05/24/2023 12:00:00 AM,MOVIMIENTO EN MASA,GUACA,4,0,0,0,1,1,0,0,N/A,N/A,0,0,"EL CMGRD fuertes lluvias con presencia de granizo en la parte alta hacia el páramo del Almorzadero, causaron creciente de las quebradas aportantes del rio Guaca, varios deslizamientos causan riesgo en algunas viviendas y daños en cultivos de papa y cebolla"
76,05/27/2023 12:00:00 AM,MOVIMIENTO EN MASA,EL HATO,0,0,0,0,1,0,0,0,N/A,N/A,0,0,"EL CMGRD reporta fenómeno de remoción en masa en la via hacia la vereda Hoya Negra que mantiene incomunicada una comunidad de más de 300 habitantes, se coordina envío de maquinaria amarilla para rehabilitar el paso"
77,05/27/2023 12:00:00 AM,MOVIMIENTO EN MASA,EL GUACAMAYO,0,0,0,0,1,0,0,0,N/A,N/A,0,0,"EL CMGRD reporta a causa de las lluvias constantes se presenta fenómeno de remoción en masa en la via hacia el corregimiento Santa Rita, con maquinaria amarilla del municipio se rehabilitó el paso de manera provisional"
78,05/27/2023 12:00:00 AM,MOVIMIENTO EN MASA,ONZAGA,0,0,0,0,1,0,0,0,N/A,N/A,0,0,"El CMGRD reporta creciente súbita del rio Chaguaca, causa deslizamiento y perdida de la banca de la vía nacional San Joaquin - Onzaga a 1 km del casco urbano, en el sector PR 76+40se coordina maquinaria del INVIAS para recuperar el paso. Se coordina con el CRUE la atención de pacientes que requieran traslado hacia otros niveles de complejidad médica. 4259 habitantes afectados e incomunicados"
79,05/30/2023 12:00:00 AM,INUNDACIONES,PUERTO PARRA,60,0,20,0,0,0,0,0,N/A,N/A,0,0,"El CMGRD reporta fuertes lluvias y colapso del alcantarillado en los barrios Ferrocarril, el Centro y Kenedy   60 viviendas afectadas y pérdida de muebles y enceres Atiende: CMGR de Puerto Parra realiza la evaluación de daños y análisis de necesidades"
80,05/30/2023 12:00:00 AM,INUNDACIONES,CIMITARRA,100,0,10,0,0,0,0,0,N/A,N/A,0,0,"EL CMGRD reporta desbordamiento de los caños Fondo Oscuro y Caño Baúl a causa de las lluvias de las últimas horas, más de 100 familias afectadas en las veredas San Juancito y Fondo Oscuro. Se adelanta la evaluación de daños y análisis de necesidades."
81,05/31/2023 12:00:00 AM,INUNDACIONES,CIMITARRA,0,0,0,0,0,0,0,0,N/A,N/A,0,0,"El comandante de bomberos reporta inundaciones en algunos sectores del casco urbano es especial en el área de urgencias del Hospital regional a causa del colapso e alcantarillados por las fuertes lluvias y desbordamiento de la quebrada las Flores, atiende bomberos voluntarios de Velez"
82,06/01/2023 12:00:00 AM,INUNDACIONES,BARRANCABERMEJA,250,0,0,0,0,0,0,0,N/A,N/A,0,0,"El CMGRD reporta inundaciones en el sector Pozo 7, asentamiento la bendición de Dios por colapso del alcantarillado a causa de las fuertes lluvias, cerca de 250 familias afectadas se adelantan los EDAN por bomberos voluntarios, defensa civil y policía nacional"
83,06/01/2023 12:00:00 AM,INUNDACIONES,TONA,100,0,0,0,0,0,0,0,N/A,N/A,0,0,"El CMGRD reporta creciente del rio Jordan y sus aportantes por las fuertes lluvias, causa desbordamiento y daños en cultivos de cebolla y daños en la cubierta del centro de salud, se adelanta la evaluación de daños y análisis de necesidades."
84,06/08/2023 12:00:00 AM,TORMENTAS ELECTRICAS,BUCARAMANGA,5,0,0,0,2,0,0,0,N/A,N/A,0,0,"Ante la lluvia es presentadas por más de 5 horas de la tarde y no che de hoy jueves 08-06-2’203en Bucaramanga y el área metropolitana se presenta colapso de alcantarillados principalmente en sectores de Chimitá entre la calle 45 y el puente el Palenque, en la zona norte de Bucaramanga en especial en los Colorados y en sectores de regaderos y la vía hacia matanza, se presenta creciente súbita de la quebrada Río frío, el río de oro y el río Tona, también se presenta deslizamientos y caídas de rocas en la vía que conduce desde el aeropuerto Palo Negro y entre Bucaramanga y el municipio de Girón Así mismo hacia el municipio de Río Negro"
85,06/08/2023 12:00:00 AM,TORMENTAS ELECTRICAS,LEBRIJA,10,0,0,0,1,0,0,0,N/A,N/A,0,0,"EL CMGRD reporta tormentas eléctricas, e inundaciones y deslizamientos en el casco urbano y veredas Chuspas, Conchal y Vanegas, donde se presenta creciente súbita del rio Lebrija varias viviendas afectadas, atienden bomberos voluntarios y policía nacional quienes adelantan los EDAN"
86,06/08/2023 12:00:00 AM,INUNDACIONES,CIMITARRA,20,0,5,0,1,0,0,0,N/A,N/A,0,0,"EL CMGRD reporta inundaciones en el centro poblado Cascajero por las fuertes lluvias que causan colapso del alcantarillado, 20 viviendas afectadas, se coordina la evaluación de daños y análisis de necesidades."
87,06/11/2023 12:00:00 AM,AVENIDA TORRENCIAL,VELEZ,5,0,0,0,1,1,0,0,N/A,N/A,0,0,"EL CMGRD informa que las fuertes lluvias genera avenida torrencial de la quebrada el Palenque en la vereda San Vicente y colapsa un puente vehicular que comunica a las veredas San Pablo, Ejidos y San Vicente. Se presentan perdida de cultivos de caña, guayaba y pastizales. Atienden CMGRD bomberos voluntarios y Defensa civil, quienes adelantan la Evaluación de Daños"
88,06/15/2023 12:00:00 AM,VENDAVAL,CIMITARRA,10,0,10,0,0,0,0,0,N/A,N/A,0,0,"EL CMGR reporta lluvias acompañadas de fuertes vientos que causan afectaciones en techos y cubiertas de 10 viviendas de la vereda Monterredonda, se adelanta los EDAN por la defensa civil y el CMGRD"
89,06/18/2023 12:00:00 AM,AVENIDA TORRENCIAL,CERRITO,50,0,0,0,1,4,0,0,N/A,N/A,0,0,"El comandante de bomberos reporta, las fuertes lluvias que se presentaron el día sábado 18 de junio en el páramo del Almorzadero, generó avenida torrencial del rio Servitá. Afectaciones en la via hacia la vereda Corralfalso, pérdida de puentes colgantes en los sectores Juarado, Mortiño y Boyagá. Afectación en postes de energía. Se adelanta la Evaluación de Daños"
90,06/18/2023 12:00:00 AM,GRANIZADA,OIBA,5,0,0,0,0,0,0,0,N/A,N/A,0,0,"El comandante de bomberos reporta fuertes lluvias y granizada en Sectores la Libertad y la Palma, vereda la Peñuela que afectó cultivos de café, plátano y cítricos. Se coordina la Evaluación de Daños y Censo de afectados."
91,06/25/2023 12:00:00 AM,GRANIZADA,ARATOCA,0,0,0,0,1,0,0,0,N/A,N/A,0,0,"El CMGRD reporta fuertes lluvias en el corredor vial entre pescadero y Curití que causa afectaciones a cultivos de café y caída de arboles y ramas, afectando la movilidad en la vía, atienden los bomberos voluntarios, policía nacional e INVIAS"
92,07/01/2023 12:00:00 AM,INUNDACIONES,CIMITARRA,10,0,10,0,0,0,0,0,N/A,N/A,0,0,"El CMGRD reporta, inundaciones por desbordamiento de las quebradas Caño Baúl y Monte oscuro, inundaciones de varias viviendas y cultivos de yuca y plátano, el CMGRD  Se adelanta la Evaluación de Daños y Análisis de Necesidades"
93,07/01/2023 12:00:00 AM,GRANIZADA,PARAMO,6,0,6,0,0,0,0,0,N/A,N/A,0,0,"El comandante de bomberos reporta granizada y fuertes lluvias en la vereda el Palmar y Palmarito, perdida de cultivos de cafe, Tomate y Platano, arveja. se coordina reunión del CMGRD para enviar técnicos de la UMATA a realizar la evaluación de daños"
94,07/02/2023 12:00:00 AM,VENDAVAL,LOS SANTOS,30,0,30,0,0,0,0,0,N/A,N/A,0,0,"El CMGRD reporta fuertes lluvias y vientos ligeros, en la vereda Purnia varias viviendas y establecimientos comerciales presentan afectación en techos y cubiertas, perdida de electrodomésticos, Acciones de respuesta: se coordina reunión del CMGRD con el fin de realizar la evaluación de daños."
95,07/02/2023 12:00:00 AM,CRECIENTE SUBITA,CURITI,0,0,0,0,0,0,0,0,N/A,N/A,0,0,"El comandante de bomberos reporta creciente súbita de la quebrada Curití, vereda Pescaderito sector Zamorano, varios turistas se encontraban en paseo de rio y fueron sorprendidos por la creciente la quebrada Curití, en la salida de emergencia del lugar perdieron celulares, documentos y elementos usados en los paseos. la reacción oprtuna de la defensa civil y el cuerpo de bomberos permitió que se rescataran los turistas a áreas seguras, no hay reporte de lesionados"
96,07/08/2023 12:00:00 AM,TORMENTAS ELECTRICAS,SUAITA,1,0,1,0,0,0,0,0,N/A,N/A,0,0,"El CMGRD reporta tormentas eléctricas en el corregimiento San José de Suaita, se reportan tres menores de edad un bebe de brazos y dos de 14 y 16 años, lesionadas por la caída de un rayo cerca de su vivienda, atendió policía nacional, las menores fueron trasladadas al hospital del Socorro. Se adelantan los EDAN para determinar más afectaciones."
97,07/10/2023 12:00:00 AM,INUNDACIONES,EL SOCORRO,2,0,2,0,0,0,0,0,N/A,N/A,0,0,"El CMGRD reporta fuertes lluvias sobre el casco urbano que causo el colapso de alcantarillados y colectores de aguas lluvias, esto generó afectación en varios vehículos y motocicletas que fueron arrastrados por las aguas, algunas viviendas afectadas, se adelantan los EDAN."
98,07/13/2023 12:00:00 AM,INCENDIO FORESTAL,PIEDECUESTA,0,0,0,0,0,0,0,8,N/A,N/A,0,0,"El comandante de bomberos reporta atención de dos incendios forestales en las veredas San Francisco y San Miguel simultáneamente, 4 máquinas contraincendios y 15 unidades, apoyados por 6 unidades de defensa civil y la comunidad controlaron y liquidaron la conflagración, causas por establecer, afectación de 8 hectáreas de pastizales y bosque nativo, estado LIQUIDADO"
99,07/17/2023 12:00:00 AM,EROSION,PUERTO WILCHES,0,0,0,0,0,0,0,0,N/A,N/A,0,0,"El alcalde municipal informa que el municipio se encuentra en alerta por riesgo de desbordamiento del rio Magdalena en el sector Vuelta Perico, se ha destinado maquinaria amarilla para reconstruir un dique de protección, causa probable transito de los remolcadores de IMPALA causan oleaje en el sector."
100,07/19/2023 12:00:00 AM,INCENDIO FORESTAL,EL HATO,0,0,0,0,0,0,0,10,N/A,N/A,0,0,"El CMGRD reporta atención de incendio forestal en la vereda Hoya Grande, atendido por el CMGRD, bomberos voluntarios y comunidad, 10 hectáreas de bosque natico y pastizales afectada, causas desconocidas"
101,07/22/2023 12:00:00 AM,TORMENTAS ELECTRICAS,EL CARMEN DE CHUCURI,10,0,10,0,0,0,0,0,N/A,N/A,0,0,"El CMGRD reporta lluvias y fuertes vientos en el casco urbano que causo afectación en techos y cubiertas de 10 viviendas y la plaza de mercado, caída de ramas y árboles que causaron cierres viales, atienden bomberos y defensa civil quienes retiran los árboles y adelantan la evaluación de daños y análisis de necesidades"
102,07/25/2023 12:00:00 AM,TORMENTAS ELECTRICAS,OCAMONTE,10,0,10,0,1,0,0,0,N/A,N/A,0,0,"reportan del municipio Ocamonte sector: vereda Miraflores, la Cañada y Guaduas tormentas eléctricas varias viviendas destechadas y la escuela de coordina hacer la evaluación de daños y análisis de necesidades no hay reporte de lesionados"
